|character|text|type
0||Crouching Tiger, Hidden Dragon|location
1||Wang Hui Ling, James Schamus, Tsai Kuo Jung|unknown
2||EXT. YUAN COMPOUND - DAY|location
3||"Security men and porters are loading wagons for a convoy.
As they work, we see across the lake a lone horseman entering
the village.  One of the men recognizes him."|stage direction
4|WORKER|Master Li is here!|speech
5||"ANGLE ON: Li Mu Bai, thirties, powerful and handsome.
In the background, old Aunt Wu, at the sight of Li Mu Bai,
drops her parcels and runs excitedly into the building."|stage direction
6||INT. YUAN HALLWAY - DAY|location
7||Aunt Wu runs hurriedly through the halls.|stage direction
8|AUNT WU|Shu Lien!|speech
9||INT. YU'S ROOM - DAY|location
10||"Yu, a beautiful woman in her early 30s, is finishing packing
for the convoy, wrapping a few small items in a linen
wrapper, as Aunt Wu bursts in."|stage direction
11|AUNT WU|Li Mu Bai is here!|speech
12||INT. YUAN PRACTICE HALL - DAY|location
13|LI|How's everything?|speech
14|AUNT WU|Fine.  Please come in.|speech
15||"Yu sits, composed, as Aunt Wu ushers Li in.  Li carries a
large object, wrapped in silk.
Yu smiles."|stage direction
16|YU|Mu Bai...It's been too long.|speech
17|LI|It has.|speech
18||"(he glances around
the room)"|location
19|LI|How's business?|speech
20|YU|Good.  And how are you?|speech
21|LI|Fine.|speech
22||An awkward pause.|stage direction
23|YU|"Monk Zheng said you were at Wudan
Mountain.  He said you were
practicing deep meditation."|speech
24|LI|Yes.|speech
25|YU|"The mountain must be so peaceful...
I envy you.  My work keeps me so
busy, I hardly get any rest."|speech
26|LI|I left the training early.|speech
27|YU|"Why?  You're a Wudan fighter.
Training is everything."|speech
28|LI|"During my meditation training... I
came to a place of deep silence...
I was surrounded by light... Time
and space disappeared.  I had come
to a place my master had never told
me about."|speech
29|YU|You were enlightened?|speech
30|LI|"No.  I didn't feel the bliss of
enlightenment.  Instead... I was
surrounded by an endless sorrow.  I
couldn't bear it.  I broke off my
meditation.  I couldn't go on.
There was something... pulling me
back."|speech
31|YU|What was it?|speech
32|LI|"Something I can't let go of.  You
are leaving soon?"|speech
33|YU|"We're preparing a convoy for a
delivery to Peking."|speech
34|LI|"Perhaps I could ask you to deliver
something to Sir Te for me."|speech
35||"Li unwraps the object.  It is an ancient, astonishingly
beautiful sword."|stage direction
36|YU|"The Green Destiny Sword?  You're
giving it to Sir Te?"|speech
37|LI|"I am.  He has always been our
greatest protector."|speech
38|YU|"I don't understand.  How can you
part with it?  It has always been
with you."|speech
39|LI|"Too many men have died at its edge.
It only looks pure because blood
washes so easily from its blade."|speech
40|YU|"You use it justly, you're worthy of
it."|speech
41|LI|It's time for me to leave it behind.|speech
42|YU|So what will you do now?|speech
43||Li doesn't reply.|stage direction
44|YU|"Come with me to Peking.  You can
give the sword to Sir Te yourself.
It'll be just like old times."|speech
45|LI|"First I must visit my master's
grave.  It's been many years since
Jade Fox murdered him.  I have yet
to avenge his death.  And yet I'm
thinking of quitting.  I must pray
for his forgiveness."|speech
46|YU|"Join me once you have finished.  I
can wait for you in Peking."|speech
47|LI|Perhaps.|speech
48||EXT. THE GATE TO PEKING. DAY|location
49||"Customs officials have just finished checking the contents
in a row of carriages bearing the Sun Security insignia.
The caravan slowly passes through the checkpoint into the
boundaries of Peking.  Yu, riding a handsome horse and
clearly the leader, watches as her crew clears inspection."|stage direction
50|GUARDS|Ok.  Pass.|speech
51|YU|Thanks.  Let's go into the city.|speech
52||EXT. OUTSIDE A DEPOT. DAY|location
53||"Workers are busy unloading the contents from the carriages.
Boss Giao is checking off the merchandise -- a cargo of
medicinal herbs."|stage direction
54|GIAO|"Everything got here safely.  I'm
much obliged."|speech
55|YU|Just doing my job.|speech
56|GIAO|"Sun Security has been the best
since your father started it.
You're a credit to his memory."|speech
57|YU|Thank you.|speech
58|GIAO|I mean it.|speech
59||EXT. DAY. PEKING|location
60||"From a gray tiled roof, we can see Peking's magnificent grid
of houses extending miles and miles out, freshly painted by
the morning sun."|stage direction
61||EXT. PEKING STREET. DAY|location
62||"Dusty and congested as always, people, horses, and carriages
are fighting to get through the boulevards.
A group of jugglers perform at a corner.
Yu surveys the busy street from on top of her horse."|stage direction
63||INT. TE'S GREAT HALL - DAY|location
64||Yu presents the sword to Sir Te.|stage direction
65|SIR TE|"This is Li's personal sword, a
great hero's weapon!  He is the
only one in the world worthy of
carrying it.  It's too fine a gift.
I cannot accept it."|speech
66|YU|"Sir Te!  It has brought him as much
trouble as glory.  Help him to
leave these troubles behind.
Otherwise, he'll never be able to
start anew."|speech
67|SIR TE|"All right.  I'll act as the sword's
custodian."|speech
68||De Lu, the head servant, enters.|stage direction
69|DE LU|Governor Yu has arrived.|speech
70|SIR TE|I must change.|speech
71||(getting up)|location
72|YU|"You've always been so good to Li Mu
Bai and me.  Please accept our
thanks."|speech
73|SIR TE|"Please do not be such a stranger.
You'll stay the night as my guest.
Now, Shu Lien... tell me something.
And forgive me for prying.  Your
father was a great friend to me,
and I think of you as my own
daughter."|speech
74|YU|Please, Sir Te, what is it?|speech
75|SIR TE|"Li Mu Bai giving up his sword and
his warrior days... maybe he's
trying to tell you something?"|speech
76|YU|I don't know...|speech
77|SIR TE|"Don't be coy.  I've always known
about your feelings for each other.
All these years, it's a shame...
neither of you is brave enough to
admit the truth to the other.
You're both wasting precious time."|speech
78|YU|"I beg your pardon.  Li Mu Bai and I
aren't cowards."|speech
79|SIR TE|"When it comes to emotions, even
great heroes can be idiots.  Tell
me if Li Mu Bai is not more open
the next time you see him.  I'll
give him an earful!"|speech
80||INT. TE'S STUDY - DAY|location
81||Yu and De Lu approach the study.|stage direction
82|DE LU|"Sir Te said to leave the sword in
here."|speech
83||"De Lu opens the door and is startled to find a young woman
inside.  The woman is studying the sheets of calligraphy
hanging on the walls."|stage direction
84|DE LU|Who are you?|speech
85|JEN|"I'm your guest today.  I am Governor
Yu's daughter."|speech
86|DE LU|"This is Sir Te's study.  You are
here to..."|speech
87|JEN|I was looking for a quiet corner.|speech
88|DE LU|"I am Sir Te's head servant.  And
this is another of our guests."|speech
89||INT. TE'S STUDY - DAY|location
90||Yu gently lays the sword, still in its sheath, in Jen's hands.|stage direction
91|JEN|"It's heavy for such a thin piece of
metal!"|speech
92|YU|"The handle is heavy.  And the blade
is no ordinary metal.  Still, the
sword is the lightest of weapons.
You're just not used to handling it."|speech
93|JEN|"But I have had much practice.  As a
child in the West, a platoon lived
with us.  They'd let me play with
their weapons.  The scabbard is so
beautiful."|speech
94|YU|"Beautiful but dangerous.  Once you
see it tainted with blood, its
beauty is hard to admire.  It's 400
years old."|speech
95|JEN|Exquisite!  You said it belongs to...|speech
96|YU|"My friend Li Mu Bai.  He's given it
to Sir Te as a gift."|speech
97|JEN|"Li Mu Bai!  The famous warrior?
Why would he give his sword to Sir
Te?"|speech
98|YU|You're too young to understand.|speech
99|JEN|You're a sword fighter too?|speech
100||"Yu yanks the sword out of the sheath.  An eerie sound
resonates within the study.  Jen is even more impressed."|stage direction
101|YU|"Yes, I am.  But I prefer the
machete.  Certain moves, however,
call for a sword."|speech
102|JEN|Really?|speech
103||Yu puts the sword back in the case.|stage direction
104||(longingly)|location
105|JEN|"It must be exciting to be a fighter,
to be totally free!"|speech
106|YU|"Fighters have rules too: friendship,
trust, integrity... Without rules,
we wouldn't survive for long."|speech
107|JEN|"I've read all about people like you.
Roaming wild, beating up anyone who
gets in your way!"|speech
108|YU|"Writers wouldn't sell many books if
they told how it really is."|speech
109|JEN|"But you're just like the characters
in the stories."|speech
110|YU|"Sure.  No place to bathe for days,
sleeping in flea-infested beds...
They tell you all about that in
those books?"|speech
111|JEN|"You know what I mean.  I'm getting
married soon, but I haven't lived
the life I want."|speech
112|YU|"So I heard.  Congratulations.  It's
the most important step in a
woman's life, isn't it?"|speech
113|JEN|You're not married, are you?|speech
114|YU|What do you think?|speech
115|JEN|"No!  You couldn't roam around
freely if you were."|speech
116|YU|You're probably right.|speech
117||Yu studies Jen.  The room falls silent for a moment.|stage direction
118||EXT. SIDE COURT YARD - DAY|location
119||"It's dusk and the sky is beautiful orange and purple.  Jen
is leaving the study escorted by her maid.  She turns to Yu
for a final good-bye.  Yu seems intrigued by the encounter."|stage direction
120||EXT. SIR TE'S COMPOUND - NIGHT|location
121||Two lighted lanterns are raised up.|stage direction
122||INT. TE'S STUDY - NIGHT|location
123||Sir Te hands the sword to Governor Yu.|stage direction
124|SIR TE|Go ahead, Governor Yu.|speech
125||"Governor Yu is impressed by the opulence and elegance of the
sword.  He closes his eyes to guess the weight of the sword.
Te snubs out the flame from a candle, then slides the sword
out from its sheath.  The sword gives off a luminous blue
glow in the dark."|stage direction
126|SIR TE|"Two feet 9 inches long.  1 inch
wide.  The handle is 1 inch deep,
2.6 inches wide.  Seven-tenths of
an inch thick.  With seven rubies
missing from the hilt.  You can
tell the design dates back to
before the Chin era.  Engraved with
a technique lost by the time of the
Han Dynasty."|speech
127|GOVERNOR YU|Your knowledge is remarkable, Sir Te.|speech
128|SIR TE|"A sword by itself rules nothing.
It comes alive only through skillful
manipulation."|speech
129|GOVERNOR YU|I see your point.  Please continue.|speech
130|SIR TE|"The Imperial Court isn't the
problem.  With royalty and officials
everywhere, the Royal Guard keeps
security tight.  But Peking is not
like the West.  Here, you'll find
all sorts of characters.  Proceed
with caution in your quest for law
and order.  Don't depend only on
the court.  Contacts in the Giang
Hu underworld can ensure your
position.  Be strong, yet supple.
This is the way to rule."|speech
131||INT. JEN'S ROOM - NIGHT|location
132||"A maid warms her hands in a basin of hot water for Jen, then
walks over to Jen and helps remove her earrings.  Someone
knocks and the maid goes to answer the door."|stage direction
133|MAID|Governess...|speech
134|GOVERNESS|Let me do it.|speech
135||The maid leaves as the governess enters the room.|stage direction
136|JEN|Please sit.|speech
137|GOVERNESS|"I've made you silk pajamas.  Do you
want to change into them?"|speech
138|JEN|Put them down.|speech
139|GOVERNESS|I heard you met Shu Lien today.|speech
140|JEN|Do you know her?|speech
141|GOVERNESS|"She's one of those.  Your mother
would not want you consorting with
her kind."|speech
142||Jen shoots her an angry look.|stage direction
143|JEN|"I'll socialize with whomever I
please."|speech
144|GOVERNESS|"Don't invite danger into your
father's house."|speech
145||She's about to say something, then thinks better of it.|stage direction
146|JEN|I'm tired now.|speech
147|GOVERNESS|"Go to bed then.  Miss has grown up,
and is getting married soon.  God
knows what the future will bring."|speech
148|JEN|"It will be just the same.  Enough!
I'm tired."|speech
149|GOVERNESS|"Autumn is coming.  I'll shut the
windows for you."|speech
150||"The governess leaves.  Jen sits on the side of her bed,
thinking."|stage direction
151||EXT. TE'S COMPOUND - NIGHT|location
152||"A wide shot of the compound.  A patrol man greets Master Bo,
Sir Te's head of security.  The place is serene."|stage direction
153|MASTER BO|Chilly, eh?|speech
154|NIGHTMAN|Yes, Master Bo.|speech
155||As Bo walks on, shadows rustle in a treetop in the background.|stage direction
156||EXT./INT. INSIDE AND OUTSIDE OF TE'S STUDY - NIGHT|location
157||"A masked figure silently opens the window and enters the
room.  It moves swiftly to the sword case, opens it, and
wraps the sword.
Bo enters, sees the thief, who leaps up to the ceiling.  The
thief steps over Bo and out into the courtyard.  Bo tries to
stop the thief, who easily outwits him, jumping onto the
roof as Bo yells out."|stage direction
158|BO|"Someone help!  Stop him!  He's on
the roof!  The sword's been stolen!
Stop thief!  Stop him!"|speech
159||"The thief skips a few times and jumps off to a side street.
Bo grabs a pole and runs, as gongs begin to sound, alerting
people to the theft.  People rush outside, Yu Shu Lien among
them."|stage direction
160||EXT. PEKING STREET - NIGHT|location
161||"Bo runs through the streets.  The thief is nowhere in sight.
Suddenly, there are sounds of weapons clashing.  Bo hurries
towards the source."|stage direction
162||EXT. AN ALLEY OUTSIDE GOVERNOR YU'S COMPOUND - NIGHT|location
163||"Bo is surprised to see the hooded figure battling with two
other fighters -- Tsai (male, 40s) and May, his daughter."|stage direction
164|TSAI|It's Jade Fox!|speech
165|MAY|We must avenge mother!|speech
166||"The hooded figure does a gravity defying flip and soars over
a wall, just as Bo arrives."|stage direction
167|BO|Do something!  He's getting away!|speech
168||EXT. PEKING ROOFTOP - NIGHT|location
169||"The thief runs atop a roof -- right into Yu.  Yu and the
hooded figure face off."|stage direction
170|YU|"Return the sword, and I'll let you
go."|speech
171||"The figure just regards her, slightly shifting weight.
Yu attacks, but the figure repels her."|stage direction
172|YU|You've been trained at Wudan?|speech
173||"The figure answers by leaping to another rooftop.  Yu
catches up, and resumes her attack with a relentless series
of lightning-quick blows."|stage direction
174||EXT. ALLEY OUTSIDE GOVERNOR YU'S COMPOUND - NIGHT|location
175||Bo follows Tsai and May, who are quickly walking away.|stage direction
176|TSAI|"You're mistaken.  We're just street
performers.  We were rehearsing."|speech
177|MAY|Father!|speech
178|BO|"You were rehearsing?  Who are you
trying to fool?"|speech
179||"May wants to respond but is again cut off by Tsai.  They run
off."|stage direction
180|BO|Where did that thief go?|speech
181||"Bo looks around and discovers he had chased the thief into
Governor Yu's compound."|stage direction
182|BO|Governor Yu's house!|speech
183||EXT. ROOF TOP|location
184||Yu and the Black Figure continue to fight.|stage direction
185|YU|Get down here!  Give back the sword!|speech
186||EXT. GOVERNOR YU'S - NIGHT|location
187||"Yu slowly gets the upper hand in her fight with the thief.
A small arrow cuts across the night and flies toward Yu.
She catches it, but the masked figure takes the opportunity
to get away.
Yu pauses to feel the arrow in her hand, standing in the
empty courtyard."|stage direction
188||EXT. TE'S SIDE ENTRANCE - DAY|location
189||De Lu escorts Yu into Te's.|stage direction
190|DE LU|Sir Te awaits you.|speech
191||INT. TE'S GREAT HALL - DAY|location
192||"Men are standing at attention.  Bo is giving his account of
what happened, as Yu enters."|stage direction
193|BO|"I'm sure the thief is in the Yu
household."|speech
194|SIR TE|How dare you imply?|speech
195|BO|But I say --|speech
196|SIR TE|-- Enough.|speech
197||The men hustle out.  Bo can barely contain his frustration.|stage direction
198|YU|Has Governor Yu ever seen the sword?|speech
199|SIR TE|"Yes, though I doubt he's involved
in this."|speech
200|YU|"But the sword could be in his
compound."|speech
201|SIR TE|"Then someone's trying to set him up.
We should inform Li Mu Bai."|speech
202||EXT. OUTSIDE GOVERNOR YU'S COMPOUND - NIGHT|location
203||"Madam Yu is returning from temple.  The governess is helping
her out of the carriage.  Servants are peeling bills off a
wall across the street."|stage direction
204|MADAM YU|What is it?|speech
205|MAID|Madam Yu, someone's put up posters.|speech
206||"A partially torn flyer with the words ""Jade Fox will not
escape justice!"" is seen on the ground."|stage direction
207|MADAM YU|Let me see.|speech
208|GOVERNESS|"Someone is after Jade Fox.
Preposterous, looking for her here!"|speech
209||"Madam Yu nods and walks inside, as the Governess tosses the
flyer away and follows her.
A hand scoops up the flyer -- it is Yu.  She studies it,
then puts it in her pocket, and moves on."|stage direction
210||EXT. BRIDGE - DAY|location
211||"Bo is searching for the Tsais.  The bridge is full of
jugglers.  But the two are nowhere to be found."|stage direction
212||EXT. PEKING STREET - DAY|location
213||Bo quizzes a homeless man.|stage direction
214|BO|Where are they?|speech
215|HOMELESS MAN|"I don't know.  I haven't seen them
in two days."|speech
216||"Bo is about to give up when he looks up and sees May walking
quickly into an alley.  Bo follows her."|stage direction
217||EXT. IN FRONT OF TSAI'S HOUSE|location
218||"May walks into a dilapidated house surrounded by a broken-
down bamboo fence.  Bo inches closer and sees May and Tsai
oiling their weapons."|stage direction
219||INT. BO'S ROOM - DAY|location
220||"Jen practices calligraphy.  The governess is by her side
embroidering and throwing occasional glances at Jen.  The
maid enters."|stage direction
221|MAID|"There is a Miss Shu Lien here to
see you."|speech
222||Jen stops and looks up at them.|stage direction
223|GOVERNESS|Miss is busy right now.|speech
224|MAID|I'll tell her.|speech
225|JEN|Show her in.|speech
226||The governess shoots her a look.|stage direction
227|GOVERNESS|This spells trouble.|speech
228|JEN|I have a guest.|speech
229||The governess gets up to leave just as the maid shows Yu in.|stage direction
230|MAID|This way please.|speech
231||"The governess and Yu exchange quick glances.  The governess
bows slightly and departs."|stage direction
232|JEN|I've missed you.|speech
233|YU|How so?|speech
234|JEN|I'm bored.|speech
235||Yu sees the calligraphy.|stage direction
236|YU|You're doing calligraphy?|speech
237|JEN|I'll write your name.  Just for fun.|speech
238||Jen writes Yu's name with great confidence and swiftness.|stage direction
239|YU|"I never realized my name looks like
""sword."""|speech
240||Jen freezes slightly.|stage direction
241|YU|"You write gracefully.  Calligraphy
is so similar to fencing."|speech
242|JEN|Maybe it is.  I wouldn't know.|speech
243||The maid enters with tea.|stage direction
244|JEN|Please.|speech
245|YU|"Thank you for seeing me.  I hear
your wedding day is near.  You must
be overwhelmed by the preparations."|speech
246|JEN|"I'm hardly doing a thing.  The less
I think of it the better.  My
parents are arranging everything.
The Gous are a very powerful family.
My marrying one will be good for my
father's career."|speech
247|YU|"You are fornuate to marry into such
a noble family."|speech
248|JEN|"Am I?  I wish I were like the
heroes in the books I read.  Like
you and Li Mu Bai.  I guess I'm
happy to be marrying.  But to be
free to live my own life, to choose
whom I love... That is true
happiness."|speech
249|YU|"Do you think so?  Let me tell you a
story."|speech
250|JEN|About you and Li Mu Bai?|speech
251|YU|"Yes.  Did you know I was once
engaged to be married?"|speech
252|JEN|No, really?|speech
253|YU|"His name was Meng Si Zhao.  He was
a brother to Li Mu Bai by oath.
One day, while in battle, he was
killed by the sword of Li Mu Bai's
enemy.  After, Li Mu Bai and I went
through a lot together.  Our
feelings for each other grew
stronger.  But how could we dishonor
Meng's memory?  So the freedom you
talk about, I too desire it.  But I
have never tasted it."|speech
254|JEN|"Too bad for Meng, but it's not your
fault, or Li Mu Bai's."|speech
255|YU|"I am not an aristocrat, as you
are... but I must still respect a
woman's duties."|speech
256|JEN|"Don't distance us.  From now on,
let's be like sisters."|speech
257|YU|"Then as a sister, let me wish you
happiness in your marriage."|speech
258||EXT. YU'S GARDEN - DAY|location
259||"The maid escorts Yu out.  Yu pauses, looks around, and sees
the profile of the Governess peering at her from around a
corner."|stage direction
260||INT. JEN'S ROOM - NIGHT|location
261||"Moonlight spills into the room, as Jen rises sleeplessly
from bed and looks out the window.  A light breeze stirs her
hair.  The sound of the wind rises, and slowly her face
dissolves, into..."|stage direction
262||INT./EXT. CARRIAGE/MONGOLIAN DESERT - DAY|location
263||"...the face of a younger, less sophisticated Jen, as she
lets the dry desert air flow through her hair.  She sits in
a carriage, part of a caravan, with guards on horseback,
that is traveling through the spectacular desert.  Across
from her sits her mother, of whom she is barely cognizant."|stage direction
264|MADAM YU|"What a godforsaken place!  Can't
your father be appointed closer to
civilization?  Jen... are you
listening to me?"|speech
265||"Jen is still looking out the side of the carriage, at a
beautiful mountainside."|stage direction
266||INT. JEN'S ROOM - NIGHT|location
267||Jen sighs, and turns back toward her bed.|stage direction
268||EXT. STREET OUTSIDE GOVERNOR YU'S COMPOUND - NIGHT|location
269||"Tsai and May have been sitting, hidden in the branches of a
tree, watching Jen."|stage direction
270|TSAI|Let's go!|speech
271||"They drop down silently and walk away.  From another rooftop,
Lo looks silently on."|stage direction
272||EXT. TSAI'S HOUSE - NIGHT|location
273||Tsai and May enter the house.|stage direction
274||INT. TSAI'S HOUSE - NIGHT|location
275||"Inside the tiny house, they discover a hooded figure going
through their belongings.
Immediately Tsai throws a knife, which rips off the figure's
mask -- revealing Bo.  Tsai has another long knife at his
throat."|stage direction
276|TSAI|Who are you?|speech
277|BO|Wait!  I'm a friend!|speech
278||Tsai pauses.|stage direction
279||INT. TSAI'S HOUSE - NIGHT (LATER)|location
280||"May fans a small coal-fired grill that is boiling a sizzling
pot of vegetable and meatball soup.  Her father and Bo are
now friendly dinner companions, much to May's delight."|stage direction
281|TSAI|I don't care about your sword.|speech
282|BO|Why were you spying on the Yus?|speech
283|TSAI|"I'm looking for someone.  Jade Fox.
I'm a police inspector from Shaan
Xi, Gen Su district.  Jade Fox is a
master criminal.  I hear she
infiltrated the Yus.  She must have
come with them when they transferred
here.  But with Yu's reputation, I
can't just go in and accuse her."|speech
284|BO|This Jade Fox is a woman?|speech
285|TSAI|Yes.|speech
286|BO|Then leave her to me.|speech
287|TSAI|"Pardon me, but I doubt you can
handle her.  My wife was quite a
martial arts expert.  Jade Fox
killed her.  So you see, this is
personal.  Leave her to me."|speech
288|MAY|It's ready!|speech
289||(re: the soup)|location
290|BO|I'm ready for anything!|speech
291||"Bo fishes into the pot with his chopsticks.  May intercepts
him with her own chopsticks."|stage direction
292|MAY|Father gets first dip.|speech
293||"Tsai stiffens and snaps his chopsticks, not to pick up a
meatball but to catch an incoming dart.  A dart wrapped with
a note.  Bo jumps up."|stage direction
294|TSAI|They're gone.|speech
295|MAY|What does it say?|speech
296|TSAI|"""We'll settle this at midnight on
Yellow Hill.""  Good, the fox is out
of her hole."|speech
297||INT. TE'S STUDY - NIGHT|location
298||"Yu is ushered into the room, to discover Sir Te talking to
another man, whose back is to her."|stage direction
299|SIR TE|Shu Lien, look who's here.|speech
300||The man turns around -- it's Li Mu Bai.|stage direction
301||EXT. TE'S HALL - NIGHT|location
302||Yu and Li Mu Bai sit together.|stage direction
303|LI|"Sir Te believes it's a ploy cast
suspicion on Governor Yu."|speech
304|YU|"But something is going on at the Yu
household."|speech
305|LI|What have you discovered?|speech
306||"From her sleeve, Yu removes the flyer.  Li takes it, his
face darkening."|stage direction
307|LI|Jade Fox?  Impossible.|speech
308|YU|"You always suspected she'd fled to
the West."|speech
309|LI|"I didn't think she'd dare come back
to Peking!"|speech
310|YU|"Is there any place safer than under
the nose of Governor Yu?"|speech
311|LI|"So I shall avenge my master's death
after all."|speech
312|YU|"Be careful.  Sir Te requires
discretion.  Official business is
difficult enough.  Don't let
personal feelings make it worse.
And I don't know... even this
poster... could be some sort of trap."|speech
313|LI|Did you see who posted it?|speech
314||Yu pauses.|stage direction
315|YU|No.|speech
316|LI|"It says Jade Fox is hiding at Yu's.
On the night of the theft there was
a brawl near Yu's.  Were you
involved?"|speech
317|YU|"It was Bo, Sir Te's man.  I hear he
followed the thief to the Yus'."|speech
318|LI|Have you questioned him yet?|speech
319|YU|No, not yet...|speech
320|LI|"But your men are watching over Yu's
compund?"|speech
321|YU|"No, I'd already sent them home.
You can blame me for losing the
sword, but please trust that I'll
get it back soon using my own
methods."|speech
322|LI|"That's not what I meant.  I don't
care about the sword."|speech
323|YU|"What do you mean?  Didn't you come
back here for it?"|speech
324|LI|"I don't know it was stolen until I
got here."|speech
325|YU|Then, why did you come?|speech
326|LI|Well, we had talked...|speech
327||De Lu enters.|stage direction
328|DE LU|"Pardon my intrusion.  Master Li,
your room is ready."|speech
329|LI|Thank you.  Please lead the way.|speech
330||EXT. YELLOW HILL - NIGHT|location
331||"Tsai, Bo, and May wait under an ancient tree.  Bo stifles a
yawn."|stage direction
332|BO|"The fox doesn't care much for
punctuality.  Still no sign of her."|speech
333||"An old lady struggles up the hill, wearing a floppy hat over
her face, holding a cane.  The three exchange glances."|stage direction
334|TSAI|Enough!  Show yourself.|speech
335||"The old woman shrinks in fear, but then throws off her
disguise and unveils herself -- the Governess."|stage direction
336|FOX|"Tsai... you dog!  You will pay for
your stubbornness."|speech
337|BO|That's what you think, old witch!|speech
338|TSAI|"If you surrender now, you'll suffer
less.  But if you resist, I won't
stop until you're dead."|speech
339|MAY|"Father!  Let me avenge my mother's
death."|speech
340|FOX|"You'll soon end up like her, you
little whore!"|speech
341|BO|You'll pay for that!|speech
342||"A fierce battle begins, the main fighting between Tsai and
Fox, with May and Bo getting a stab in occasionally, when
the opportunity presents itself."|stage direction
343||(to Bo)|location
344|TSAI|She's going to paralyze you!|speech
345||"Using acupressure, Fox disables Bo.  May shoots an arrow at
her, but she catches it and flings it back, hitting May."|stage direction
346|TSAI|May!|speech
347||"Fox then disables Tsai, but just as she goes for the kill,
Li Mu Bai flies down from the treetops and steps between them."|stage direction
348|FOX|Tsai, you filthy mongrel!  An ambush!|speech
349|MAY|Father, are you all right?|speech
350||Li addresses Fox.|stage direction
351|LI|"Wudan should have gotten rid of you
long ago.  It's been a long time,
Jade Fox!  You don't remember me...
But you should remember my master.
You infiltrated Wudan while I was
away.  You stole our master!  Now
it's time for you to pay!"|speech
352|FOX|"Your master underestimated us women.
Sure, he'd sleep with me, but he
would never teach me.  He deserved
to die by a woman's hand!"|speech
353|LI|"You stole the secrets of Wudan's
highest martial arts.  But after
ten years of training, your moves
are still undisciplined.  And
today, under a Wudan sword... you
will die!"|speech
354||"Li easily brings Fox to the ground.
Li raises his sword to the prostrate Fox.  A figure masked
in black appears next to Fox, sword extended, saving her."|stage direction
355|FOX|Disciple, we'll kill them all!|speech
356|FIGURE IN BLACK|Let's go!|speech
357|BO|Another one!|speech
358|FOX|I must get rid of Tsai!|speech
359||"Fox fights Tsai, Bo, and May, as Li addresses the masked
figure."|stage direction
360|LI|"Who are you?  Why is the Green
Destiny in your possession?"|speech
361|FIGURE IN BLACK|What's it to you?|speech
362|LI|"My name is Li Mu Bai.  The Green
Destiny is mine.  Jade Fox can't be
your master.  Where did you learn
that ""Xuan Piu"" move?"|speech
363|FIGURE IN BLACK|I'm just playing around.|speech
364|LI|Tell me, who is your master?|speech
365|FIGURE IN BLACK|Let's go!|speech
366|FOX|We must kill them!|speech
367||"Tsai throws his blade at Fox, who catches it and throws it
back, hitting him in the head.  Fox and the masked figure
leap away.
May drops to the ground, cradling her dead father's head.
Bo kneels beside her."|stage direction
368|MAY|Father!|speech
369||EXT. TE'S - DAY|location
370||"Te and a group of his men look down as a cloth is removed
from over the body of Tsai.  Bo and May stand before them."|stage direction
371|TE|This is Tsai?|speech
372|MAY|"My father.  Police Inspector from
Shaan."|speech
373|TE|"This should be reported to Governor
Yu.  The victim is an officer.  You
believe the killer is hiding out in
his compound."|speech
374|YU|I'd bet my life on it!|speech
375||(to Li and Yu)|location
376|TE|Come with me.|speech
377||He exits the room.|stage direction
378||INT. TE'S STUDY - DAY|location
379||Te, Li, and Yu are seated.|stage direction
380|SIR TE|"This needs to be resolved, and
quickly."|speech
381|LI|"I'll get into the Yu household and
get her.  I'll ferret out Fox and
her gang."|speech
382|YU|"We must be careful.  Governor Yu is
a court official, and in charge of
security.  Any disturbance will
cast suspicion on him.  It might
get Sir Te in trouble."|speech
383|SIR TE|This is a delicate matter.|speech
384|YU|"Sir Te, can you find some excuse to
invite Madam Yu and her daughter?"|speech
385|SIR TE|What do you have in mind?|speech
386|YU|"The best way to trap a fox is
through her cubs."|speech
387||Sir Te and Li look puzzled.|stage direction
388||EXT. SIR TE'S GARDEN - DAY|location
389||"Yu sits with Madam Yu and Jen.  They busy themselves with
various items for her trousseau."|stage direction
390|MADAM YU|"Madam Te is certainly spoiling us
with these wedding gifts.  She's
being so considerate."|speech
391|YU|"I'm sorry she's not feeling well
enough to receive you today."|speech
392|MADAM YU|"I heard Sir Te lost something.  And
now Madame Te's not feeling well..."|speech
393||Jen sits silently reading.|stage direction
394|YU|"We know who stole the missing item.
If the thief returns it, I'm sure
Sir Te will pursue the matter no
further."|speech
395|MADAM YU|"That's good.  Sometimes the help
can't keep their hands to themselves.
It's very embarassing."|speech
396|YU|"Sir Te knows that even well-meaning
people can make mistakes... that
can bring ruin to themselves and
their families."|speech
397|MADAM YU|But don't be too lenient.|speech
398|YU|"No mercy will be shown toward the
murderer who turned up in Peking."|speech
399|MADAM YU|A murderer?|speech
400|YU|"Yes.  The very killer of Li Mu
Bai's own master.  Last night, she
killed a policeman who had tracked
her down."|speech
401|MADAM YU|A female criminal!  Now that's news!|speech
402||Jen becomes visibly upset.|stage direction
403|JEN|You say she killed a policeman?|speech
404|YU|"Yes, from the West.  He went
undercover and and followed her
here,"|speech
405|MADAM YU|"Maybe the murderer and the thief
are one and the same."|speech
406|YU|"I doubt it.  This thief... it very
unusual..."|speech
407||"As Yu speaks, she lifts the tea pot to pour Jen some tea.
As she finishes speaking, she looks into Jen's face and the
pot slips from her hand.  Without even looking down, Jen
instinctively catches the pot with a lightning-fast move."|stage direction
408|YU|"...And most likely smarter than a
mere killer."|speech
409||Sir Te and Li Mu Bai walk by.|stage direction
410||(formal)|location
411|JEN|Greetings, Sir Te.|speech
412|SIR TE|"Hello, Madam Yu.  This is Li Mu
Bai, the renowned swordsman."|speech
413|LI|Delighted to meet you.|speech
414||Li sizes Jen up.|stage direction
415|TE|Miss Yu is soon to be married.|speech
416|LI|Congratulations.|speech
417||EXT. TSAI'S HOUSE - NIGHT|location
418||May opens her door, only to find Bo standing guard.|stage direction
419|MAY|Why don't you come in?|speech
420|BO|I'm standing guard.|speech
421|MAY|Come in.  It's cold.|speech
422||She turns back inside, hesitates, then turns back to him.|stage direction
423|MAY|"Come in.  We don't have to fear
Jade Fox if we're together."|speech
424||EXT. TE COMPOUND - NIGHT|location
425||A still, dark night.|stage direction
426||EXT. TE'S STUDY - NIGHT|location
427||"Something moves in the moonlight.  A hooded figure jumps down.
Li Mu Bai, who had been hiding in the shadows, comes forward."|stage direction
428|LI|"Isn't it a bit too late to be out?
You've brought me the sword?"|speech
429|FIGURE|I do as I please.|speech
430||"The masked figure lunges away, but Li Mu Bai leaps with
incredible speed and grabs the sword from her."|stage direction
431|LI|Where's your master?|speech
432|FIGURE|What's it to you?|speech
433||The figure floats away.  Li chases after her.|stage direction
434||EXT. PEKING STREET - NIGHT|location
435||"The two fly over houses and bounce off of rooftops,
displaying amazing floating skills."|stage direction
436||INT. ABANDONED MONASTERY - NIGHT|location
437||"The figure bounces into an old monastery.  Li is already
there."|stage direction
438|LI|"Had enough flying?  You've got
potential.  You've studied the
Wudan Manual but you don't
understand it.  You need a real
master."|speech
439||"The figure doesn't respond, but we sense the pride in her
eyes."|stage direction
440|FIGURE|Do you think you are a real master?|speech
441|LI|"Like most things, I am nothing.
It's the same for this sword.  All
of it is simply a state of mind."|speech
442|FIGURE|"Stop talking like a monk!  Just
fight!"|speech
443|LI|Then tell me where Jade Fox is.|speech
444|FIGURE|On guard!|speech
445|LI|Real sharpness comes without effort.|speech
446||EXT. MONASTERY - NIGHT|location
447||"The figure leaps into the garden, but again, Li is ahead of
her.
The figure attacks Li, who uses his agility to evade her.
Frustrated, the figure intensifies her attack.
The figure, losing composure, attacks wildly.  Li gets even
more elusive, using a branch to repel her."|stage direction
448|LI|"No growth without assistant.  No
action without reaction.  No desire
without restraint.  Now give
yourself up and find yourself again.
There is a lesson for you."|speech
449||"Li now holds the stick to her mask, gently raising it
slightly."|stage direction
450|FIGURE|Go ahead.|speech
451|LI|"Why should I?  You need practice.
I can teach you to fight with the
Green Destiny, but first you must
learn to hold it in stillness."|speech
452|FIGURE|Why do you want to teach me?|speech
453|LI|"I've always wanted a disciple
worthy of Wudan's secrets."|speech
454|FIGURE|And if I use them to kill you?|speech
455|LI|"That's a risk I'm willing to take.
Deep down, you're good.  Even Jade
Fox couldn't corrupt you."|speech
456||The figure's eyes cloud with tears.|stage direction
457|FIGURE|"Wudan is a whorehouse!  Keep your
lessons!"|speech
458||"The figure swirls and takes off, leaving a rueful Li standing
alone in the monastery."|stage direction
459||INT. JEN'S ROOM - NIGHT|location
460||"Jen slips in through the window.  She pulls off her mask, as
she spots the Governess/Fox sitting and sewing."|stage direction
461|FOX|"You're home late... or should I say
early?"|speech
462|JEN|"Why are you still here?  You killed
a policeman.  You should leave!
You'll bring ruin on my whole family."|speech
463|FOX|"They wouldn't have found me if you
hadn't stolen the sword.  Like a
little girl, you thought stealing
would be fun?  You, too, are
responsible for that death.  Come
with me.  You don't want to waste
your life as the wife of some
bureaucrat.  Denied your talent...
As a master and disciple we will
rule."|speech
464|JEN|I'll never live as a thief!|speech
465|FOX|You're already a thief.|speech
466|JEN|"That was just for fun.  How can I
leave?  Where would I go?"|speech
467|FOX|"Wherever we want.  We'll get rid of
anyone in our way.  Even your father."|speech
468|JEN|Shut up!|speech
469|FOX|"It's the Giang Hu fighter
lifestyle... kill or be killed.
Exciting, isn't it?"|speech
470|JEN|I owe you nothing.|speech
471|FOX|"Yes, you do!  You are still my
disciple."|speech
472||"Jen lunges at the Governess, and the two exchange a few
blows.  Jen presses her finger against one of the Governess's
pressure points, disabling her.  Jen pushes her across the
room."|stage direction
473|JEN|"You think you've been teaching me
all these years from the manual?
You couldn't even decipher the
symbols!"|speech
474|FOX|"I studied the diagrams.  But you
hid the details!"|speech
475|JEN|"You wouldn't have understood, even
if I had tried to explain.  You
know... you've gone as far as you
can go.  I hid my skills so as not
to hurt you."|speech
476|FOX|"If I hadn't seen you fight with Li
Mu Bai, I'd still be ignorant of
all you've hidden from me."|speech
477|JEN|"Master... I started learning from
you in secret when I was 10.  You
enchanted me with the world of
Giang Hu.  But once I realized I
could surpass you, I became so
frightened!  Everything fell apart.
I had no one to guide me, no one to
learn from."|speech
478|FOX|"Believe me, I've a lesson or two
left to teach you!"|speech
479||Fox exits.|stage direction
480||EXT. GOVERNOR YU'S GATE - DAY|location
481||The Governess leaves, a small sack over her back.|stage direction
482||EXT. TE'S COURTYARD - DAY|location
483||"Li practices fluently with Green Destiny in hand, beautifully
at ease with the weapon.  He spins around to find Yu standing
in the doorway."|stage direction
484|YU|The sword is back... are you happy?|speech
485||Li smiles.|stage direction
486|LI|"I admit, getting it back makes me
realize how much I'd missed it."|speech
487|YU|"But it's not your sword anymore.
You gave it to Sir Te."|speech
488|LI|"True.  But I must borrow it for one
last mission.  Jade Fox must die at
its edge.  Did you know what you
were hiding when you covered for
that girl?"|speech
489|YU|"My job was to get the sword back,
without embarassing anyone.  I
wasn't about to ruin her life, or
her father's."|speech
490|LI|"You did your job well.  But, this
girl... I saw her last night."|speech
491|YU|I knew she would intrigue you.|speech
492|LI|She needs direction... and training.|speech
493|YU|"She's an aristocrat's daughter.
She's not one of us.  In any case,
it will all be over soon.  You'll
kill Fox, and she'll marry."|speech
494|LI|"That's not for her.  She should
come to Wudan and become a disciple."|speech
495|YU|But Wudan does not accept women.|speech
496|LI|"For her, they might make an
exception.  If not, I'm afraid
she'll become a poisoned dragon."|speech
497|YU|"It's not our affair.  Even if Wudan
accepts her, her husband might
object."|speech
498|LI|"I thought by giving away the sword,
I could escape the Giang Hu world.
But the cycle of bloodshed continues."|speech
499|YU|"I wish there were something more I
could do to help you."|speech
500|LI|Just be patient with me, Shu Lien.|speech
501||INT. JEN'S ROOM - NIGHT|location
502||"Jen is asleep.  A noise awakens her.
Lo opens the window and sneaks in -- right into the point of
Jen's waiting sword.
Jen's sword drops to the ground."|stage direction
503|JEN|Lo?|speech
504|LO|Jen!|speech
505||Lo grabs her by the wrist.|stage direction
506|JEN|You shouldn't have come.|speech
507|LO|"With all the traffic on your
rooftop these days... it took me a
while to get in here.  I can't wait
any longer.  I was wrong to let you
go.  Come back with me.  You'll be
happy in the desert.  You'll be
free there."|speech
508||"Jen turns back to him and rests herself briefly in his arms
again."|stage direction
509|JEN|"You've been looking for me all this
time?"|speech
510||FLASHBACK: FOUR YEARS EARLIER|stage direction
511||INT./EXT. CARRIAGE/MONGOLIAN DESERT - DAY|location
512||"Jen holds up a comb, with daylight shining through it.  Jen
admires the piece, her most prized possession.
Madam Yu sits opposite her."|stage direction
513|MADAM YU|Jen... stop playing with it.|speech
514||"Jen looks out over the desert, as the wind picks up and the
sky darkens."|stage direction
515|JEN|I won't break it.|speech
516||EXT. CARRIAGE/MONGOLIAN DESERT - DAY|location
517||Lo and a group of armed bandits descend on the caravan.|stage direction
518|GUARD A|"It's Dark Cloud!  Dark Cloud is
coming!"|speech
519||"His warning is useless.  From Jen's pov, we see the guards
slaughtered in a hail of arrows and swords."|stage direction
520|MADAM YU|"Lower the shade, don't let them see
you!"|speech
521|DARK CLOUD (LO)|Don't touch the women!|speech
522||"Though unharmed, Madam Yu immediately faints.  Lo approaches
the carriage and grabs the comb from Jen's hand.
She bolts from the carriage, and, once outside, bends down
and grabs a lance from the body of a dead guard, whose horse
flails beside him.
She looks up to see the gang of bandits already making their
escape on horseback."|stage direction
523|LO|Let's go!|speech
524||EXT. DESERT - DAY|location
525||Jen and Lo ride across the desert floor at breakneck speed.|stage direction
526|LO|Come get your comb.|speech
527||"She tries to jab him with the lance, but he grabs it and
flings her off her horse."|stage direction
528|LO|Hurry back to your mother.|speech
529||Lo rides on as she charges after her horse.|stage direction
530||EXT. DESERT BLUFF - DAY|location
531||"A group of bandits is dividing up the loot, as Jen rides up,
keeping a respectable distance.  They notice her and rise as
she dismounts.
One of them saunters over to her and stands, grinning, a few
feet away.
In a second, she's slammed his balls into his stomach and
knocked his nose into his face.  He crumples to the sand.
The other bandits stop laughing, quickly exchange glances,
and charge her at once.
In a matter of seconds, they're either on the ground or
dragging their fallen comrades back.
Lo calls out and stops the fight."|stage direction
532|LO|She's mine.|speech
533||EXT. DESERT - DAY|location
534||"Lo and Jen ride, if not side-by-side, then parallel, about
20 feet apart.  Their pace has slowed considerably.  In
fact, they're dead tired."|stage direction
535|LO|Let's stop a moment.|speech
536|JEN|Give it back!|speech
537||(shouting a bit)|location
538|LO|"You're tired.  You need rest.  Your
horse needs water.  There's a creek
up here."|speech
539||He dismounts, looks down at the dry creek bed.|stage direction
540|LO|"Well, there used to be!  What's
your name?  I'm Lo.  The Hans call
me Dark Cloud.  I'm not that tall
or big, but I'm quick as lightning."|speech
541|JEN|My comb!|speech
542||"She kicks him.  They fight ferociously until Lo, exhausted,
collapses.  She kicks him a few times, then collapses too."|stage direction
543||INT. CAVE - DAY|location
544||"Jen comes to and finds herself wrapped in a blanket of
animal fur.  She sits up with a start and checks her clothes.
Looking around, she realizes she's in a cave.  Next to her
are a lamp, some hunting equipment, and a neat row of sharp
arrows.  She quickly grabs one of the arrows."|stage direction
545|LO|"If you like that arrow, I can make
you a bow.  Great for hunting wild
chicken.  They're delicious."|speech
546||"Jen raises one of the arrows, going on the attack again, but
her legs betray her and she falls."|stage direction
547|LO|"You need to eat, understand?  Then
you'll have the strength to fight.
Understand?"|speech
548||"He helps her up, then pours her some horse milk from a sac.
He hands her a small chunk of food, which she first accepts
grudgingly, then, her hunger getting the better of her, she
starts to wolf it down."|stage direction
549|LO|You're eating too fast.  Slowly.|speech
550||EXT. CAVE - DAY|location
551||"Lo walks out into a barren mountain landscape.  A chicken
roasts over a fire.  Lo whistles.
Jen appears suddenly with a rock and knocks it over his head.
Lo passes out as Jen scurries away."|stage direction
552||EXT. MOUNTAINSIDE AND DESERT - DAY|location
553||"Jen tries to find her way among the treacherous stony
terrain, her lips chapped and fingers bloody and blistered.
But soon she passes out."|stage direction
554||INT. CAVE - NIGHT|location
555||"Jen again awakes inside the cave.  Lo tries to feed her some
water, but she chokes, and tries to push him away, only to
find that her legs and hands are tied up."|stage direction
556|LO|"You've got quite a temper.  It's
better this way."|speech
557|JEN|You coward!|speech
558|LO|"Still in a bad mood?  At least
you're speaking.  What's your name?"|speech
559||Jen spits at Lo.|stage direction
560|LO|"I didn't think the Hans had names
like that."|speech
561||"Later: She weaves in and out of consciousness.  In the
flickering lights, she sees Lo sharpening his arrows.
Later, he pulls back an opaque curtain to reveal a makeshift
bathroom -- a water-filled cavity serves as a tub.
He rises as Jen sobs at the sight of her imprisoned and
dishevelled body.  He comes over and unties her."|stage direction
562|LO|"Relax.  If I had wanted to, I would
already have done it.  You must be
dying for a bath.  Fresh water's
hard to get here.  But I managed to
bring some up.  You can wear my
clothes when you're done.  They're
clean.  Don't worry.  I'll sing, so
you'll know where I am.  After the
bath, you'll be calmer."|speech
563||"Jen nods and the bandit releases her.  He starts to sing as
he walks out.  Jen waits until the sound recedes before
closing the curtain behind her and dipping into the pit.
While she bathes, she listens to his singing, a loud
rendition of a tribal song.  Lo apparently doesn't remember
all the lyrics, and la-las his way through more than a few
passages.  Jen smiles."|stage direction
564||INT. CAVE - NIGHT|location
565||"Jen grimaces as Lo pulls the last of some cactus needles
from the soles of her feet."|stage direction
566|LO|"No more hitting on the head!  All
this trouble for a comb?"|speech
567|JEN|"It's mine.  It means a lot to me.
A barbarian like you wouldn't
understand."|speech
568|LO|"Not true.  I can use it to pick
fleas from my horse."|speech
569|JEN|By the way, I'm a real Manchurian.|speech
570|LO|"I'm sorry... I guessed wrong.  I
though you were a Han."|speech
571|JEN|Give me back my comb.|speech
572|LO|I don't take orders from anyone.|speech
573|JEN|Give it back.|speech
574||"Jen impulsively grabs an arrow and stabs Lo, drawing a
little blood from his chest.  Furious, Lo lunges at her and
they tussle briefly.  Finally, Lo gets on top of Jen, and
the scuffling becomes more like foreplay.  Violence turns
into unleashed passion."|stage direction
575||EXT. DESERT OASIS - DAY|location
576||Lo and Jen ride across the desert.  Jen holds tightly to him.|stage direction
577||EXT. CAVE - NIGHT|location
578||Lo and Jen lie in the bath together.|stage direction
579|LO|"When I was a boy, one night, I saw
a thousand shooting stars.  I
thought, where did they all go?
I'm an orphan.  I used to look for
stars alone.  I thought if I rode
to the other end of the desert, I'd
find them.  I've been riding in the
desert ever since."|speech
580|JEN|"And so, the little boy became a
fearsome bandit.  He couldn't find
the stars, so he stole my comb."|speech
581||Lo pauses.|stage direction
582|LO|"Out here, you always fight for
survival.  You have to be part of a
gang to stand a chance.  Slowly,
your gang becomes your family.  All
that Dark Cloud stuff is just to
scare people and make my life easier."|speech
583|JEN|"So you're still that little boy
looking for shooting stars."|speech
584|LO|"I am a man.  And now I've found the
brightest star of all."|speech
585||EXT. DESERT - DAY|location
586||Lo sees uniformed men through his binoculars.|stage direction
587|LO|"Your father's men are looking for
you."|speech
588||Jen doesn't respond.|stage direction
589||EXT. DESERT - DAY|location
590||Lo and Jen ride through a mountain pass.|stage direction
591||EXT. CLIFF - DAY|location
592||"Lo and Jen stand at the crest of a cliff.  Lo looks over,
viewing the desert valley below, as Jen joins him.  They see
a troop of uniformed men riding by in the distance."|stage direction
593|LO|"Your father's men are still looking
for you.  They're still out there,
circling closer."|speech
594|JEN|Let them look.|speech
595|LO|It is trouble for me.|speech
596||Jen bites her lip.|stage direction
597|JEN|Don't send me back!|speech
598|LO|"You must decide.  You might get
tired of this life.  You might
begin to miss your family.  If it
were our daughter, we'd look for
her too.  She would miss us.  Jen...
I want you to be mine forever.  I
will make my mark on the world.  I
will earn your parents' respect.
We have a legend.  Anyone who dares
to jump from the mountain, God will
grant his wish.  Long ago, a young
man's parents were ill, so he
jumped.  He didn't die.  He wasn't
even hurt.  He floated away, far
away, never to return.  He knew his
wish had come true.  If you believe,
it will happen.  The elders say, ""A
faithful heart makes wishes come
true."""|speech
599||INT. TENT - DAY|location
600||"Jen and Lo kiss.  Jen takes the jade comb out of her hair
and presses it into his palm.  Jen starts to cry.  They
embrace."|stage direction
601|JEN|"Keep it safe.  Return it to me when
we are together again."|speech
602|LO|I will.|speech
603||(smiling painfully)|location
604|JEN|"If you don't, I'll come after you.
And I won't let you off so easy."|speech
605||EXT. TENT - DAY|location
606||"Jen quietly walks out and stands sadly in the early morning
light.
End of flashback."|stage direction
607||INT. JEN'S ROOM - NIGHT|location
608|LO|"Wherever I went, someone always
recognized me.  I really tried.
Later, I heard you came to Peking.
I was afraid I'd never see you
again.  So I came.  I can't let you
marry."|speech
609||"Jen is about to respond when a servant's voice is heard from
outside the door."|stage direction
610||(whispering)|location
611|JEN|Go.|speech
612|LO|Jen...|speech
613||(through her tears)|location
614|JEN|Don't ever come back.|speech
615||Lo hovers at the window frame.|stage direction
616|LO|So it's over?|speech
617||Jen pauses.|stage direction
618|JEN|Yes.|speech
619||"Lo thrusts a small object in her hand.
He lifts his legs through the window, and drops out of
sight, just as Jen's door is opened from the hall."|stage direction
620|MAID|We heard noises.|speech
621|JEN|It was just a cat.|speech
622||"The maid pauses, then dutifully exits, closing the door.
Jen opens up her palm; gasping, she sees the comb that Lo
has given her."|stage direction
623||EXT. WEDDING PROCESSION - DAY|location
624||"The noise and color of a wedding procession.  A marching
band heralds the occasion, as throngs of onlookers fight to
get a glimpse of the groom, Gou Jun Pei, who trots by on a
handsome white horse."|stage direction
625||INT. WEDDING CARRIAGE - DAY|location
626||"Jen's head is completely covered in red cloth, as she rides
silently in the bride's carriage."|stage direction
627||EXT. BALCONY OVERLOOKING WEDDING PROCESSION - DAY|location
628||"Li and Yu watch the festivities from a balcony of the city
gate."|stage direction
629|YU|You think Jade Fox will show up?|speech
630|LI|"She's out there, but I doubt she'll
show herself.  We'll keep our eyes
open.  Sooner or later, she'll come
for the girl."|speech
631||INT. WEDDING CARRIAGE - DAY|location
632||"A small arrow flies into the carriage.  Jen calmly lifts the
red cloth from her face and pulls the arrow out of the
panelling inside the carriage.
We hear Lo's voice from outside the carriage, but Jen
doesn't seem to notice."|stage direction
633||(v.o.)|location
634|LO|Jen!  Come with me!  You're mine!|speech
635||Lo runs wildly into the crowd.|stage direction
636|LO|"Come with me to the desert!  Jen!
Come with me to Xin Jiang!"|speech
637||The guards surround Lo, but he escapes.|stage direction
638||EXT. BEIJING STREET - DAY|location
639||"Lo leaps and lands right in front of Li Mu Bai, his fingers
pressed against Lo's neck.  Yu comes running around the
corner and sees them."|stage direction
640|LI|Where is Jade Fox?|speech
641||Yu jumps in and pushes Li away.|stage direction
642||(to Lo)|location
643|YU|Come with me!  Hurry!|speech
644||INT. CITY OUTSKIRTS - DAY|location
645||"Lo sits dejectedly, having told his story to Yu and Li, who
look him over."|stage direction
646||(to Lo)|location
647|YU|"You thought she'd give it all up
and go back West with you?"|speech
648|LO|She's mine.|speech
649|LI|"Either way, you are no good to her
dead.  With the Gou and Yu clans
hunting you, you'll soon be in
their hands."|speech
650|LO|I don't care anymore.|speech
651|LI|"If you truly loved her, you wouldn't
say that."|speech
652|YU|Don't you want to see her again.|speech
653|LI|"All right.  I'll write you an
introduction.  Take it to Wudan.
Wait there for news from me."|speech
654|LO|All right.|speech
655||EXT. TE COMPOUND - NIGHT|location
656||"Yu and Li enter, as other men and women race through the
compound, a sense of panic in the air.  Yu gives Li a look.
Li shrugs."|stage direction
657||INT. TE'S HALL - NIGHT|location
658||"A crowd, including Li and Yu, stand by as Te opens the empty
sword case, his voice rising."|stage direction
659|SIR TE|"When will this end?  They take it,
they put it back, they take it
again.  My home is turning into a
warehouse."|speech
660||Bo bursts into the hall, bows to Te.|stage direction
661|TE|Speak!|speech
662|BO|"Jen has run away!  Gou found the
wedding chamber empty.  Governor Yu
requests your assistance.  You know
the Giang Hu underworld.  He wants
to find her, and keep her from harm."|speech
663|LI|"Sir Te, leave this to us.  Don't
worry."|speech
664||INT. TEA STALL - DAY|location
665||"Jen arrives at the tea stall.  She places her sword on the
table, which catches the attention of a couple of Giang Hu
martial arts characters sitting nearby."|stage direction
666|WAITRESS|What can I serve you?|speech
667||As the waitress turns to leave, Jen grabs her by the arm.|stage direction
668|JEN|The cup is dirty.|speech
669||"The flustered waitress apologizes and takes the cup away.
The men approach Jen."|stage direction
670|GANGSTER A|Hello.  What is your name?|speech
671||(without lifting her eyes)|location
672|JEN|Long.|speech
673|GANGSTER B|"It's young Master Long.  My
apologies.  I'm Iron Eagle Sung and
this is my brother in arms, Flying
Cougar Li Yun.  What brings you to
Huai An, and where are you headed,
Master Long?"|speech
674|JEN|Anywhere there's action.|speech
675||The two men exchange glances.|stage direction
676|GANGSTER A|"In that case, perhaps we could be
of assistance."|speech
677|JEN|Don't bother.|speech
678|GANGSTER A|You don't seem to understand.|speech
679|JEN|So what if I don't?|speech
680|GANGSTER B|"We have ways of helping you
understand."|speech
681||"The two pull out their weapons which are immediately chopped
into scraps by Jen."|stage direction
682||(stunned)|location
683|GANGSTER A|Are you related to Li Mu Bai?|speech
684|JEN|He is my defeated foe!|speech
685||EXT. WOODS - DAY|location
686||"Li and Yu pass a cup back and forth as Bo tends to the
horses in the background."|stage direction
687|YU|Have some tea.|speech
688||"As Yu passes the cup to Li, their fingers touch.
Embarrassed, Li pulls back."|stage direction
689|LI|"Shu Lien... The things we touch
have no permanence.  My master
would say... there is nothing we
can hold on to in this world.  Only
by letting go can we truly possess
what is real."|speech
690|YU|"Not everything is an illusion.  My
hand... wasn't that real?"|speech
691|LI|"Your hand, rough and callused from
machete practice... All this time,
I've never had the courage to touch
it."|speech
692||Li takes Yu's hand and presses it to his face.|stage direction
693|LI|"Giang Hu is a world of tigers and
dragons, full of corruption... I
tried sincerely to give it up but I
have brought us only trouble."|speech
694|YU|"To repress one's feelings only
makes them stronger."|speech
695|LI|"You're right, but I don't know what
to do.  I want to be with you...
just like this.  It gives me a
sense of peace."|speech
696||Li Mu Bai smiles.|stage direction
697||INT. STAR RESTAURANT - DAY|location
698||Jen walks upstairs.  A waiter greets her.|stage direction
699|WAITER|Please follow me.|speech
700|JEN|I want a clean room.|speech
701|WAITER|We have plenty.  Your order?|speech
702||Jen again sets her sword on the table as she sits down.|stage direction
703|JEN|"Steamed whole cod, bite-size
meatballs, a little starchy, but
keep the sauce light, shark fin
soup, mixed vegetables, and some
warm wine."|speech
704||(dazed)|location
705|WAITER|"I have to order from a bigger
restaurant."|speech
706|JEN|Hurry then.|speech
707||"The waiter gauges Jen for an instant before bouncing off to
place the orders.  Jen checks her pouch and sees there's not
much money left.
A large group of Giang Hu characters enters.  They survey
the restaurant and quickly find Jen upstairs."|stage direction
708|GIANG HU A|That's him.|speech
709|MI BIAO|"I am Iron Arm Mi.  I heard a true
master has arrived.  I have come to
seek a lesson."|speech
710||Jen ignores him.|stage direction
711||(bristles)|location
712|MI BIAO|You asked for it!|speech
713||"Mi charges and attacks Jen, who is still sitting sipping tea.
Jen barely lifts a finger and disposes of Mi with a poke at
a sensitive pressure point.  This provokes a reaction from
the other men."|stage direction
714|JEN|What kind of Iron Arm are you?|speech
715|FLYING MACHETE CHANG|"You have amazing technique!  I am
Flying Machete.  Are you related to
Southern Crane?"|speech
716|JEN|"Southern Duck?  I don't eat anything
with two feet.  Who could remember
such long-winded names?"|speech
717|GOU JUN SIHUNG|"Li Mu Bai is your defeated foe, and
you don't know his master, Southern
Crane?"|speech
718|JEN|Who are you?|speech
719|GOU JUN SIHUNG|I'm Shining Phoenix Mountain Gou.|speech
720||(furious)|location
721|JEN|"Gou?  I hate that name.  It makes
me puke!  Too bad you're named Gou.
You'll be the first to feel my
sword today."|speech
722||"Jen leaps up and dives into battle.  The men all use
different kinds of weapons, but they all succumb to the
powerful Green Destiny."|stage direction
723|MONK JING|Hold it!  Don't you know Monk Jing?|speech
724|JEN|"A monk, in a place like this?  You
need a lesson!"|speech
725|MONK JING|Who are you?|speech
726||"She smiles, and leaps again into action after unsheathing
the Green Destiny."|stage direction
727|JEN|"Who am I?  I am... I am the
Invincible Sword Goddess.  Armed
with the Incredible... Green
Destiny.  Be you Li or Southern
Crane... lower your head... and ask
for mercy.  I am the desert dragon.
I leave no trace.  Today I fly over
Eu-Mei.  Tomorrow... I'll kick over
Wudan Mountain!"|speech
728||Jen is in a frenzy, slashing and maiming as she speaks.|stage direction
729||INT. STAR RESTAURANT - DAY|location
730||"Yu and Li are surrounded by the variously bandaged men who
battled with Jen."|stage direction
731|FLYING MACHETE CHANG|"We politely asked for a friendly
match, but she showed no respect,
and attacked us.  Everyone came by
to teach her a lesson."|speech
732|MI BIAO|Her sword was just too powerful.|speech
733|MONK JING|"I've traveled everywhere, but never
met anyone so uncivilized."|speech
734||(heavily bandaged)|location
735|SHINING PHOENIX MOUNTAIN GOD|"She kept accusing me of being Gou
Jun Pei's brother.  Who is this
Gou, anyway?"|speech
736|YU|Her husband.|speech
737||The men all nod their heads.|stage direction
738||EXT. OUTSIDE HWAI AN - DAY|location
739||Li and Yu ride together.|stage direction
740||(to Yu)|location
741|LI|"We're close to your headquarters.
Go home and check in."|speech
742|YU|What about you?|speech
743|LI|I'll look around and catch up later.|speech
744|YU|"Not a bad idea.  Tonight we'll get
a good night's sleep at headquarters."|speech
745||"Yu takes a fork off the road.  Thunder can be heard in the
darkening sky."|stage direction
746||EXT. SUN COMPOUND - DAY|location
747||"A group of security men are practicing Kung Fu in the front
yard of Sun Security.  They stop when Yu enters."|stage direction
748|SECURITY MAN A|Mistress, you're back.|speech
749|YU|It's you!  How's everything here?|speech
750|CAPTAIN|Fine.  You've been gone a while.|speech
751|YU|"Yes, and I leave again tomorrow.
Your wife was due?"|speech
752|AH WAI|Yeah, a baby girl.|speech
753|YU|Good!|speech
754|AH WAI|"I'll be happy if she's half as
strong as you."|speech
755|YU|Mrs. Wu...|speech
756|AUNT WU|You're back!|speech
757|YU|How's the arm?  Still sore?|speech
758|AUNT WU|"Much better.  You've been gone so
long."|speech
759|YU|"Li Mu Bai is coming to stay the
night."|speech
760||(excited)|location
761|AUNT WU|I'll go and make up his room!|speech
762||Aunt Wu hustles out.  Yu goes into her own room.|stage direction
763||INT. HALL OF ANCESTRAL WORSHIP|location
764||"Yu lights incense for her former fianc Meng.  Hearing
something, she turns to see a dishevelled Jen standing
outside downstairs."|stage direction
765|JEN|Sister Shu Lien...|speech
766||INT. YU'S ROOM - DAY|location
767||"Yu eases her guard, then opens a drawer, and takes out some
clothes.  Jen, wearing just white underclothing, sets
herself on the edge of Yu's bed.  Yu brings over the clothes."|stage direction
768|YU|Here you must be in proper attire.|speech
769|JEN|"I'm just borrowing some clean
clothes.  I'm not staying."|speech
770|YU|I'll give them to you.|speech
771|JEN|"I was just passing by and wondered
how you were."|speech
772||"Jen tries to hide her anxiety but finally breaks down on
Yu's shoulder in tears."|stage direction
773|JEN|You, sister...|speech
774|YU|"Look at the trouble you've caused.
Now you know what Giang Hu life is
really like.  If you think of me as
your sister, let me give you some
sisterly advice.  You can run from
marriage, but not your parents."|speech
775|JEN|They forced me to marry!|speech
776|YU|"Go back to them first.  Then you
can decide about Lo."|speech
777|JEN|You know about Lo?|speech
778|YU|"He really loves you.  Come back to
Peking with me.  We'll find a
solution."|speech
779|JEN|Where is he now?|speech
780|YU|"Li Mu Bai has made arrangements.
He sent him to Wudan Mountain."|speech
781|JEN|"You're working together to set me
up!  I'm leaving!"|speech
782|YU|"How dare you accuse us?  I always
knew you had stolen the sword!
I've done nothing but protect you
and your family.  And you're repaid
me with nothing but contempt.  Li
Mu Bai himself spared you, and all
you do is insult him.  We wanted
some peace and you've ruined it all!
You're no sister of mine!"|speech
783|JEN|"What do I care?  You were never a
real friend anyway.  But I wonder,
how long could you last as my enemy?"|speech
784||Jen gets up to leave.  Yu intercepts her.|stage direction
785|YU|Put the sword down!|speech
786||Jen jumps out.|stage direction
787||INT. YUAN COURTYARD - DAY|location
788||"Jen soars out to the front courtyard where the guards are
still practicing.
They raise their weapons at the sight of an intruder."|stage direction
789||(calling out)|location
790|YU|Jen!|speech
791||Jen greets Yu with the Green Destiny.|stage direction
792|YU|Everyone out.  Shut the doors.|speech
793||The men leave.|stage direction
794|YU|Fine... the friendship is over.|speech
795||"Yu scoops up a weapon from one of many lying around and
begins her battle with Jen.
Yu uses every weapon that's available against Jen but none
are any match for the Green Destiny.
After slicing through another set of Yu's weapons, Jen looks
admiringly at the Green Destiny in her hands."|stage direction
796|YU|"Don't touch it!  That's Li Mu Bai's
sword."|speech
797|JEN|Come and get it if you can.|speech
798|YU|"Without the Green Destiny, you are
nothing."|speech
799|JEN|"Don't be a sore loser.  Go ahead.
Take your pick.  I'll wait.  Go
ahead."|speech
800||"Yu picks up a huge broad sword and attacks.  Just as the
Green Destiny slices it in half, Yu holds the broken blade
at Jen's neck.  She pauses before hurting Jen, then pulls
back."|stage direction
801|YU|Give me the sword.|speech
802||Jen, taking advantage of Yu's trust, slices her arm.|stage direction
803|JEN|Take it!|speech
804||Yu, her shoulder bleeding, falls back as Li Mu Bai jumps in.|stage direction
805||(enraged)|location
806|LI|"Stop it!  You don't deserve the
Green Destiny."|speech
807|JEN|Not another lecture!  On guard!|speech
808|LI|Let's end this here.|speech
809|JEN|Only the sword will settle this.|speech
810||Jen soars up to the rooftop, with Li right on her tail.|stage direction
811||EXT. LAKE - DAY|location
812||Jen floats over the lake, Li close behind.|stage direction
813||EXT. BAMBOO FOREST - DAY|location
814||"Jen runs into a sea of bamboo.  She appears to have lost Li
but is not slowing down.  Her white clothes are now stained
with blood and mud.  The wind had picked up and every breeze
sounds like an air attack by Li.
The two leap onto the tips of the bamboo trees and begin
their dances and dodges.  They glance off bamboos and each
other while staying afloat.  Finally Jen lands on the same
stick of bamboo as Li.  The two hold their positions for a
while, as the bamboo bends."|stage direction
815|LI|"I only let you go because I wanted
to see the real you."|speech
816||Jen tries to shake Li off the bamboo but Li recovers nicely.|stage direction
817|JEN|What do you know about a true heart?|speech
818||"Li suddenly leaps off the bamboo tree.  The bamboo
straightens up and throws Jen toward the ground.  Jen
quickly pulls herself up and charges at Li.
Jen chases after Li, into a clearing, out of the bamboo
forest."|stage direction
819||EXT. RIVER - DAY|location
820||"Jen finally catches up to Li, who is standing on a rock
about a few feet wide amid the rapids.  Jen vaults onto the
rock and scuffles with Li.  Jen loses her balance."|stage direction
821|JEN|What do you want?|speech
822|LI|"What I've always wanted, to teach
you."|speech
823|JEN|"All right.  If you can take back
the sword in three moves, I'll go
with you."|speech
824||Li takes the sword back.|stage direction
825|JEN|Give it back!|speech
826|LI|Kneel!|speech
827|JEN|Never!|speech
828|LI|Then you have no use for the sword.|speech
829||"Li throws the sword into the rapids.
Jen dives in to retrieve it.  He follows Jen downstream by
hopping from one rock to another.  Jen recovers the sword
but is herself drowning.  Suddenly Jade Fox swings into the
rapids and fishes Jen out.  Jade Fox carries the unconscious
Jen away.  Li gives chase, but loses them."|stage direction
830||INT. ABANDONED FACTORY - DAY|location
831||"It's raining.  Inside an old factory, Fox heats some medicine
paste and then dips a needle in the paste.  She burns the
needle point, causing a blue smoke.  She lights some incense
and puts it in a burner near Jen, who is barely conscious."|stage direction
832|FOX|"Sooner or later, they'd drag you
back to Peking.  Your parents will
never accept you again.  But why go
home?  We've gone this far, we
won't stop now.  You'll always be
my lady.  At last, we'll be our own
masters.  We'll be happy.  That's
the most important thing.  All we
have left is each other, right?
Lie down and rest."|speech
833||"Jen is too weak to respond.
Fox leaves Jen clutching the Green Destiny."|stage direction
834||EXT. ABANDONED FACTORY - DAY|location
835||"Fox scurries ahead in the rain.  Her eyes catch something,
but she keeps moving."|stage direction
836||INT. YUAN COMPOUND - DAY|location
837||Aunt Wu finishes bandaging Yu.|stage direction
838|AUNT WU|"She's crazy.  You should have
killed her."|speech
839|YU|I didn't have the heart.|speech
840|AUNT WU|Well, Li Mu Bai can do it.|speech
841||"Yu senses movement at the window.  Looking out, she sees
Jade Fox in the distance."|stage direction
842||INT. ABANDONED FACTORY - DAY|location
843||"Jen wakes up, flushed from fever.  She takes a sip from a
cup of water -- it's empty.  She tosses the cup, gets up,
and walks into the rain."|stage direction
844||EXT. ABANDONED FACTORY - DAY|location
845||"Jen walks out, raises her face into the rain, and drinks the
raindrops.  Thirst quenched, she turns around and finds Li
standing there.  Jen limps towards him while mumbling."|stage direction
846|JEN|Is it me or the sword you want?|speech
847||Jen falls into Li, who checks her pulse and looks at her eyes.|stage direction
848|LI|You've been drugged!|speech
849||Li carries her inside, kicking away the incense burner.|stage direction
850||INT. ABANDONED FACTORY - DAY|location
851||Li lays his hands on Jen's back; she slowly comes to.|stage direction
852|LI|Where is Jade Fox?|speech
853||"Jen gestures that she doesn't know.  Yu and Bo enter.  Yu
looks at Jen."|stage direction
854|YU|What happened?|speech
855|LI|"Jade Fox drugged her.  How did you
get here?"|speech
856|YU|We followed Jade Fox.|speech
857||"Instantaneously, a flurry of darts flies directly in Jen's
direction.  Li and Yu swipe miraculously at them all,
sending them flinging hither and thither.
Fox shows herself.  Li attacks her.  She falls back, bleeding
to death."|stage direction
858|LI|And so you die.|speech
859||Li touches his neck.|stage direction
860|FOX|And so shall you!|speech
861||Li pulls a single needle from his neck.|stage direction
862|YU|A poisoned needle!|speech
863|FOX|"You deserve to die, but the life I
was hoping to take... was Jen's.
Ten years I devoted to you.  But
you deceived me!  You hid the
manual's true meaning.  I never
improved... but your progress was
limitless!  You know what poison is?
An eight-year-old girl, full of
deceit.  That's poison!  Jen!  My
only family... my only enemy..."|speech
864||Jade Fox dies.|stage direction
865|YU|"You can't die!  Tell us what poison
you used!  You can't die!  Tell us
the antidote!  You can't let Li Mu
Bai die!"|speech
866|JEN|"She used Purple Yin... Purple Yin
poison.  It goes straight to the
heart."|speech
867|LI|"My blood will soon reverse its flow.
It's the same poison she used to
kill my master.  There is no
antidote."|speech
868|YU|"That can't be!  Everything has an
antithesis!  Why not this?"|speech
869|JEN|"The antidote exists.  She taught it
to me.  The formula is simple, but
it takes time to prepare.  Trust me.
As you have helped me, let me help
you."|speech
870|LI|"All right.  Hurry.  I will hold on
as long as I can."|speech
871||"(takes the comb from
her hair)"|location
872|YU|"Take my horse and go to the compound.
Give this to Mrs. Wu.  She'll help
you.  Hurry!"|speech
873|JEN|Spare your energy.  I'll be back!|speech
874||EXT. ABANDONED FACTORY - NIGHT|location
875||Bo is burying Fox in the rain.|stage direction
876||EXT. YUAN COMPOUND - NIGHT|location
877||The guards surround Jen.  She pushes past them.|stage direction
878|JEN|Where is Mrs. Wu?|speech
879||Aunt Wu comes running out.|stage direction
880|AUNT WU|Stop it!|speech
881||Jen pulls out Yu's comb.|stage direction
882|JEN|Shu Lien told me to show you this.|speech
883|AUNT WU|Let her in.|speech
884||INT. ABANDONED FACTORY - NIGHT|location
885||"Yu sits across from Li, whose pose is almost meditational,
eerily calm."|stage direction
886|YU|"Mu Bai, hold on.  Give me some
hope..."|speech
887|LI|Shu Lien...|speech
888|YU|Save your strength.|speech
889|LI|"My life is departing.  I've only
one breath left."|speech
890|YU|"Use it to meditate.  Free yourself
from this world as you have been
taught.  Let your soul rise to
eternity with your last breath.  Do
not waste it... for me."|speech
891|LI|"I've already wasted my whole life.
I want to tell you with my last
breath... I have always loved you.
I would rather be a ghost, drifting
by your side... as a condemned
soul... than enter heaven without
you.  Because of your love... I
will never be a lonely spirit."|speech
892||"Yu cries.
She kisses him lightly.  He closes his eyes."|stage direction
893||EXT. PATH - DAY|location
894||"As the sun rises, Jen rides speedily, clutching the medicine
in her hands."|stage direction
895||INT. ABANDONED FACTORY - DAY|location
896||"Li is in Yu's arms.  They're holding hands.  The sun shines
in.  Yu slowly releases Li's stiff fingers -- he is dead.
Jen is at the door."|stage direction
897|JEN|He's gone?|speech
898||"Bo peeks over Jen's shoulder.
Yu rises and picks up Green Destiny.  Jen kneels.  Yu raises
the sword, but doesn't kill her."|stage direction
899|YU|"Bo... please take this sword back
to Sir Te."|speech
900||He takes the sword from her.|stage direction
901||(to Jen)|location
902|YU|"Now you must go to Wudan Mountain.
Lo awaits you there.  Promise me
one thing, whatever path you take
in this life... be true to yourself."|speech
903||EXT. WU TAN TEMPLE - DAY|location
904||"Jen climbs up toward the temple, finally reaching the temple
gate, and sees Lo standing there.
He runs to her.  She greets him."|stage direction
905||INT. WU TAN TEMPLE - MAGIC|location
906||Jen and Lo make love.|stage direction
907||INT. WU TAN TEMPLE - DAY|location
908||"Lo wakes up to find the jade comb on the pillow beside him,
Jen gone."|stage direction
909||EXT. WU TAN MOUNTAIN - DAY|location
910||"Lo catches up to Jen, who stands on a bridge.  The gorges
below are shrouded in clouds.  She looks back at him."|stage direction
911|JEN|"Do you remember the legend of the
young man?"|speech
912|LO|"""A faithful heart makes wishes come
true."""|speech
913|JEN|Make a wish, Lo.|speech
914||Lo pauses.|stage direction
915||(closing his eyes)|location
916|LO|"To be back in the desert, together
again."|speech
917||"Jen smiles, turns, and leaps into the clouds.  They seem to
catch her gently, before she disappears into them.
Lo remains standing, a smile on his face, tears rolling down
his cheeks.
THE END.
<!--Ad Banner
function popupPage() {"|stage direction
918||"var windowopts = ""location=no,scrollbars=no,menubars=no,toolbars=no,resizable=yes,left= 50,top=50,width=490,height=130"";
popup82942 = open('/prohost/banner.html',""MenuPopup"",windowopts);
popup82942.focus();"|unknown
